CountryName,CountryCode,Year,Value
Australia,AUS,2000,1545.442702
Australia,AUS,2001,1615.394864
Australia,AUS,2002,1747.290544
Australia,AUS,2003,1823.156506
Australia,AUS,2004,1971.88123
Australia,AUS,2005,2042.232536
Australia,AUS,2006,2167.201954
Australia,AUS,2007,2330.310926
Australia,AUS,2008,2394.393537
Australia,AUS,2009,2603.487834
Australia,AUS,2010,2610.159362
Australia,AUS,2011,2777.445066
Australia,AUS,2012,2712.268065
Australia,AUS,2013,2832.732108
Australia,AUS,2014,3283.226073
Australia,AUS,2015,3414.965077
Australia,AUS,2016,3597.302532
Australia,AUS,2017,3658.059977
Australia,AUS,2018,3810.549326
Australia,AUS,2019,3975.158992
Australia,AUS,2020,4387.831297
Australia,AUS,2021,4933.640757
Australia,AUS,2022,..
Australia,AUS,2023,..
Austria,AUT,2000,2008
Austria,AUT,2001,2033
Austria,AUT,2002,2156
Austria,AUT,2003,2251
Austria,AUT,2004,2371
Austria,AUT,2005,2457
Austria,AUT,2006,2619
Austria,AUT,2007,2741
Austria,AUT,2008,2970
Austria,AUT,2009,3051
Austria,AUT,2010,3113
Austria,AUT,2011,3246
Austria,AUT,2012,3462
Austria,AUT,2013,3569
Austria,AUT,2014,3686
Austria,AUT,2015,3771
Austria,AUT,2016,3963
Austria,AUT,2017,4163
Austria,AUT,2018,4397
Austria,AUT,2019,4700
Austria,AUT,2020,5012
Austria,AUT,2021,5690
Austria,AUT,2022,..
Austria,AUT,2023,..
Belgium,BEL,2000,1658.76572
Belgium,BEL,2001,1771.767634
Belgium,BEL,2002,1861.201927
Belgium,BEL,2003,2105.307134
Belgium,BEL,2004,2248.409211
Belgium,BEL,2005,2296.28395
Belgium,BEL,2006,2409.148359
Belgium,BEL,2007,2503.583792
Belgium,BEL,2008,2764.578395
Belgium,BEL,2009,2984.847525
Belgium,BEL,2010,3114.906548
Belgium,BEL,2011,3243.456379
Belgium,BEL,2012,3405.393897
Belgium,BEL,2013,3516.494448
Belgium,BEL,2014,3637.600878
Belgium,BEL,2015,3822.91185
Belgium,BEL,2016,4034.335476
Belgium,BEL,2017,4188.095305
Belgium,BEL,2018,4381.421906
Belgium,BEL,2019,4545.0351
Belgium,BEL,2020,4766.987508
Belgium,BEL,2021,5058.61506
Belgium,BEL,2022,..
Belgium,BEL,2023,..
Canada,CAN,2000,1764.479703
Canada,CAN,2001,1899.305269
Canada,CAN,2002,1988.860944
Canada,CAN,2003,2133.698651
Canada,CAN,2004,2249.280306
Canada,CAN,2005,2399.326307
Canada,CAN,2006,2475.679392
Canada,CAN,2007,2603.430811
Canada,CAN,2008,2708.195302
Canada,CAN,2009,2912.030677
Canada,CAN,2010,2995.355946
Canada,CAN,2011,3038.643333
Canada,CAN,2012,3135.524741
Canada,CAN,2013,3272.314372
Canada,CAN,2014,3323.469333
Canada,CAN,2015,3395.435958
Canada,CAN,2016,3580.196003
Canada,CAN,2017,3667.568393
Canada,CAN,2018,3802.234433
Canada,CAN,2019,3821.337452
Canada,CAN,2020,4550.954132
Canada,CAN,2021,4777.831122
Canada,CAN,2022,4594.844659
Canada,CAN,2023,..
Chile,CHL,2000,237.2481279
Chile,CHL,2001,254.893487
Chile,CHL,2002,277.092414
Chile,CHL,2003,300.0723762
Chile,CHL,2004,320.0467495
Chile,CHL,2005,330.5638389
Chile,CHL,2006,393.6160061
Chile,CHL,2007,443.0502975
Chile,CHL,2008,485.4910569
Chile,CHL,2009,547.6325334
Chile,CHL,2010,581.5837106
Chile,CHL,2011,651.8895303
Chile,CHL,2012,726.2913242
Chile,CHL,2013,798.808402
Chile,CHL,2014,852.6819001
Chile,CHL,2015,909.9435419
Chile,CHL,2016,998.2174955
Chile,CHL,2017,1124.634986
Chile,CHL,2018,1198.641404
Chile,CHL,2019,1220.407997
Chile,CHL,2020,1365.623071
Chile,CHL,2021,1472.722041
Chile,CHL,2022,1507.666056
Chile,CHL,2023,..
Colombia,COL,2000,281.1593878
Colombia,COL,2001,305.5363331
Colombia,COL,2002,306.7598406
Colombia,COL,2003,327.6929869
Colombia,COL,2004,333.4064679
Colombia,COL,2005,362.9368579
Colombia,COL,2006,413.0662452
Colombia,COL,2007,449.1056059
Colombia,COL,2008,483.5167254
Colombia,COL,2009,540.1861569
Colombia,COL,2010,547.6157724
Colombia,COL,2011,577.0395549
Colombia,COL,2012,564.373368
Colombia,COL,2013,621.1485408
Colombia,COL,2014,670.6436867
Colombia,COL,2015,705.8328577
Colombia,COL,2016,740.0106992
Colombia,COL,2017,781.9670104
Colombia,COL,2018,827.9442375
Colombia,COL,2019,862.8289632
Colombia,COL,2020,938.2309306
Colombia,COL,2021,1119.70376
Colombia,COL,2022,..
Colombia,COL,2023,..
Costa Rica,CRI,2000,341.8730903
Costa Rica,CRI,2001,353.672859
Costa Rica,CRI,2002,395.1998621
Costa Rica,CRI,2003,416.747907
Costa Rica,CRI,2004,416.4512137
Costa Rica,CRI,2005,428.5291783
Costa Rica,CRI,2006,502.7492373
Costa Rica,CRI,2007,556.6810895
Costa Rica,CRI,2008,640.8173297
Costa Rica,CRI,2009,694.3588429
Costa Rica,CRI,2010,761.0756933
Costa Rica,CRI,2011,786.5615816
Costa Rica,CRI,2012,802.573076
Costa Rica,CRI,2013,833.3884985
Costa Rica,CRI,2014,890.6477331
Costa Rica,CRI,2015,961.1586641
Costa Rica,CRI,2016,1013.936192
Costa Rica,CRI,2017,1044.491439
Costa Rica,CRI,2018,1115.26914
Costa Rica,CRI,2019,1184.218614
Costa Rica,CRI,2020,1219.00641
Costa Rica,CRI,2021,1199.948015
Costa Rica,CRI,2022,..
Costa Rica,CRI,2023,..
Czechia,CZE,2000,819.3080263
Czechia,CZE,2001,902.2195013
Czechia,CZE,2002,992.6450974
Czechia,CZE,2003,1115.314151
Czechia,CZE,2004,1164.737678
Czechia,CZE,2005,1195.500374
Czechia,CZE,2006,1262.541382
Czechia,CZE,2007,1324.107271
Czechia,CZE,2008,1440.014169
Czechia,CZE,2009,1670.921042
Czechia,CZE,2010,1789.712723
Czechia,CZE,2011,1848.073665
Czechia,CZE,2012,1880.648189
Czechia,CZE,2013,1950.63611
Czechia,CZE,2014,2075.327863
Czechia,CZE,2015,2098.948568
Czechia,CZE,2016,2257.898324
Czechia,CZE,2017,2411.902796
Czechia,CZE,2018,2603.28677
Czechia,CZE,2019,2852.177663
Czechia,CZE,2020,3451.29582
Czechia,CZE,2021,3661.925235
Czechia,CZE,2022,..
Czechia,CZE,2023,..
Denmark,DNK,2000,1934
Denmark,DNK,2001,2078
Denmark,DNK,2002,2238
Denmark,DNK,2003,2306
Denmark,DNK,2004,2482
Denmark,DNK,2005,2604
Denmark,DNK,2006,2876
Denmark,DNK,2007,3053
Denmark,DNK,2008,3309
Denmark,DNK,2009,3644
Denmark,DNK,2010,3853
Denmark,DNK,2011,3886
Denmark,DNK,2012,3985
Denmark,DNK,2013,4085
Denmark,DNK,2014,4182
Denmark,DNK,2015,4292
Denmark,DNK,2016,4502
Denmark,DNK,2017,4706
Denmark,DNK,2018,4872
Denmark,DNK,2019,5099
Denmark,DNK,2020,5453
Denmark,DNK,2021,6001
Denmark,DNK,2022,6069
Denmark,DNK,2023,..
Estonia,EST,2000,368.3496428
Estonia,EST,2001,383.3961468
Estonia,EST,2002,416.3366445
Estonia,EST,2003,508.3624397
Estonia,EST,2004,568.7503216
Estonia,EST,2005,647.3548681
Estonia,EST,2006,713.0742167
Estonia,EST,2007,859.0332328
Estonia,EST,2008,1026.560939
Estonia,EST,2009,1069.181865
Estonia,EST,2010,1044.998328
Estonia,EST,2011,1104.399399
Estonia,EST,2012,1188.553287
Estonia,EST,2013,1282.055834
Estonia,EST,2014,1370.925541
Estonia,EST,2015,1442.801774
Estonia,EST,2016,1561.467117
Estonia,EST,2017,1642.024962
Estonia,EST,2018,1796.73358
Estonia,EST,2019,1980.662337
Estonia,EST,2020,2303.404826
Estonia,EST,2021,2481.978495
Estonia,EST,2022,..
Estonia,EST,2023,..
Finland,FIN,2000,1439
Finland,FIN,2001,1536
Finland,FIN,2002,1676
Finland,FIN,2003,1783
Finland,FIN,2004,1957
Finland,FIN,2005,2067
Finland,FIN,2006,2247
Finland,FIN,2007,2405
Finland,FIN,2008,2636
Finland,FIN,2009,2749
Finland,FIN,2010,2797
Finland,FIN,2011,2988
Finland,FIN,2012,3127
Finland,FIN,2013,3233
Finland,FIN,2014,3249
Finland,FIN,2015,3220
Finland,FIN,2016,3280
Finland,FIN,2017,3387
Finland,FIN,2018,3523
Finland,FIN,2019,3811
Finland,FIN,2020,4098
Finland,FIN,2021,4603
Finland,FIN,2022,..
Finland,FIN,2023,..
France,FRA,2000,1830.091306
France,FRA,2001,1953.665067
France,FRA,2002,2099.873091
France,FRA,2003,2076.089221
France,FRA,2004,2160.026255
France,FRA,2005,2274.781302
France,FRA,2006,2418.134918
France,FRA,2007,2517.399258
France,FRA,2008,2617.758485
France,FRA,2009,2782.007712
France,FRA,2010,2855.128717
France,FRA,2011,2956.490604
France,FRA,2012,3009.666173
France,FRA,2013,3188.449274
France,FRA,2014,3268.44701
France,FRA,2015,3387.874906
France,FRA,2016,3701.784308
France,FRA,2017,3841.900302
France,FRA,2018,3960.720491
France,FRA,2019,4222.085507
France,FRA,2020,4499.725107
France,FRA,2021,4787.010393
France,FRA,2022,..
France,FRA,2023,..
Germany,DEU,2000,2104.768898
Germany,DEU,2001,2202.815827
Germany,DEU,2002,2313.785042
Germany,DEU,2003,2408.226883
Germany,DEU,2004,2412.323491
Germany,DEU,2005,2480.020025
Germany,DEU,2006,2614.015599
Germany,DEU,2007,2740.221678
Germany,DEU,2008,2913.229785
Germany,DEU,2009,3126.340229
Germany,DEU,2010,3270.36329
Germany,DEU,2011,3460.189854
Germany,DEU,2012,3554.471202
Germany,DEU,2013,3787.428018
Germany,DEU,2014,4002.940829
Germany,DEU,2015,4125.584638
Germany,DEU,2016,4405.226854
Germany,DEU,2017,4676.368706
Germany,DEU,2018,4902.752563
Germany,DEU,2019,5193.387962
Germany,DEU,2020,5626.941236
Germany,DEU,2021,6013.248946
Germany,DEU,2022,..
Germany,DEU,2023,..
Greece,GRC,2000,873.5860107
Greece,GRC,2001,1060.689205
Greece,GRC,2002,1127.23209
Greece,GRC,2003,1210.103971
Greece,GRC,2004,1209.76093
Greece,GRC,2005,1334.764145
Greece,GRC,2006,1454.460561
Greece,GRC,2007,1561.477111
Greece,GRC,2008,1782.366267
Greece,GRC,2009,1953.405011
Greece,GRC,2010,1846.067866
Greece,GRC,2011,1548.052724
Greece,GRC,2012,1408.701354
Greece,GRC,2013,1341.482187
Greece,GRC,2014,1191.195368
Greece,GRC,2015,1264.100951
Greece,GRC,2016,1193.852592
Greece,GRC,2017,1212.324799
Greece,GRC,2018,1253.604956
Greece,GRC,2019,1245.096034
Greece,GRC,2020,1454.859602
Greece,GRC,2021,1693.812572
Greece,GRC,2022,..
Greece,GRC,2023,..
Hungary,HUN,2000,553
Hungary,HUN,2001,603
Hungary,HUN,2002,715
Hungary,HUN,2003,879
Hungary,HUN,2004,878
Hungary,HUN,2005,957
Hungary,HUN,2006,1005
Hungary,HUN,2007,932
Hungary,HUN,2008,994
Hungary,HUN,2009,1017
Hungary,HUN,2010,1077
Hungary,HUN,2011,1139
Hungary,HUN,2012,1117
Hungary,HUN,2013,1174
Hungary,HUN,2014,1207
Hungary,HUN,2015,1243
Hungary,HUN,2016,1320
Hungary,HUN,2017,1360
Hungary,HUN,2018,1453
Hungary,HUN,2019,1487
Hungary,HUN,2020,1751
Hungary,HUN,2021,1955
Hungary,HUN,2022,..
Hungary,HUN,2023,..
Iceland,ISL,2000,2139
Iceland,ISL,2001,2248
Iceland,ISL,2002,2493
Iceland,ISL,2003,2583
Iceland,ISL,2004,2687
Iceland,ISL,2005,2702
Iceland,ISL,2006,2768
Iceland,ISL,2007,2839
Iceland,ISL,2008,2997
Iceland,ISL,2009,2996
Iceland,ISL,2010,2654
Iceland,ISL,2011,2684
Iceland,ISL,2012,2744
Iceland,ISL,2013,2911
Iceland,ISL,2014,3044
Iceland,ISL,2015,3206
Iceland,ISL,2016,3527
Iceland,ISL,2017,3760
Iceland,ISL,2018,3945
Iceland,ISL,2019,4232
Iceland,ISL,2020,4348
Iceland,ISL,2021,4766
Iceland,ISL,2022,..
Iceland,ISL,2023,..
Ireland,IRL,2000,1391.546925
Ireland,IRL,2001,1647.55542
Ireland,IRL,2002,1871.830276
Ireland,IRL,2003,2019.050445
Ireland,IRL,2004,2229.550565
Ireland,IRL,2005,2467.687
Ireland,IRL,2006,2627.533628
Ireland,IRL,2007,2933.153218
Ireland,IRL,2008,3220.016135
Ireland,IRL,2009,3373.820825
Ireland,IRL,2010,3472.164292
Ireland,IRL,2011,3453.02119
Ireland,IRL,2012,3543.417745
Ireland,IRL,2013,3491.783074
Ireland,IRL,2014,3478.747012
Ireland,IRL,2015,3656.917301
Ireland,IRL,2016,3895.698311
Ireland,IRL,2017,4074.374932
Ireland,IRL,2018,4047.135951
Ireland,IRL,2019,4496.513271
Ireland,IRL,2020,5233.526096
Ireland,IRL,2021,5569.737945
Ireland,IRL,2022,..
Ireland,IRL,2023,..
Israel,ISR,2000,1103
Israel,ISR,2001,1169
Israel,ISR,2002,1193
Israel,ISR,2003,1091
Israel,ISR,2004,1130
Israel,ISR,2005,1094
Israel,ISR,2006,1137
Israel,ISR,2007,1181
Israel,ISR,2008,1210
Israel,ISR,2009,1228
Israel,ISR,2010,1318
Israel,ISR,2011,1389
Israel,ISR,2012,1471
Israel,ISR,2013,1599
Israel,ISR,2014,1614
Israel,ISR,2015,1671
Israel,ISR,2016,1798
Israel,ISR,2017,1896
Israel,ISR,2018,1975
Israel,ISR,2019,2002
Israel,ISR,2020,2224
Israel,ISR,2021,2499
Israel,ISR,2022,..
Israel,ISR,2023,..
Italy,ITA,2000,1489
Italy,ITA,2001,1619
Italy,ITA,2002,1697
Italy,ITA,2003,1728
Italy,ITA,2004,1846
Italy,ITA,2005,1950
Italy,ITA,2006,2131
Italy,ITA,2007,2161
Italy,ITA,2008,2361
Italy,ITA,2009,2430
Italy,ITA,2010,2463
Italy,ITA,2011,2474
Italy,ITA,2012,2438
Italy,ITA,2013,2436
Italy,ITA,2014,2421
Italy,ITA,2015,2430
Italy,ITA,2016,2590
Italy,ITA,2017,2658
Italy,ITA,2018,2757
Italy,ITA,2019,2919
Italy,ITA,2020,3142
Italy,ITA,2021,3300
Italy,ITA,2022,..
Italy,ITA,2023,..
Japan,JPN,2000,1544
Japan,JPN,2001,1639
Japan,JPN,2002,1701
Japan,JPN,2003,1763
Japan,JPN,2004,1866
Japan,JPN,2005,1999
Japan,JPN,2006,2076
Japan,JPN,2007,2213
Japan,JPN,2008,2316
Japan,JPN,2009,2442
Japan,JPN,2010,2623
Japan,JPN,2011,3176
Japan,JPN,2012,3362
Japan,JPN,2013,3537
Japan,JPN,2014,3564
Japan,JPN,2015,3694
Japan,JPN,2016,3639
Japan,JPN,2017,3728
Japan,JPN,2018,3808
Japan,JPN,2019,3920
Japan,JPN,2020,3924
Japan,JPN,2021,3961
Japan,JPN,2022,..
Japan,JPN,2023,..
South Korea,KOR,2000,363.4516868
South Korea,KOR,2001,472.0146268
South Korea,KOR,2002,486.4463782
South Korea,KOR,2003,531.2700463
South Korea,KOR,2004,574.3449593
South Korea,KOR,2005,643.7947909
South Korea,KOR,2006,762.8494789
South Korea,KOR,2007,854.5736976
South Korea,KOR,2008,906.7667073
South Korea,KOR,2009,992.2680844
South Korea,KOR,2010,1094.938866
South Korea,KOR,2011,1125.807555
South Korea,KOR,2012,1160.563024
South Korea,KOR,2013,1207.399317
South Korea,KOR,2014,1277.166362
South Korea,KOR,2015,1406.965345
South Korea,KOR,2016,1529.372841
South Korea,KOR,2017,1638.441049
South Korea,KOR,2018,1846.812472
South Korea,KOR,2019,2052.573192
South Korea,KOR,2020,2232.520288
South Korea,KOR,2021,2663.871642
South Korea,KOR,2022,3039.563552
South Korea,KOR,2023,..
Latvia,LVA,2000,220
Latvia,LVA,2001,253
Latvia,LVA,2002,287
Latvia,LVA,2003,301
Latvia,LVA,2004,425
Latvia,LVA,2005,450
Latvia,LVA,2006,554
Latvia,LVA,2007,610
Latvia,LVA,2008,655
Latvia,LVA,2009,613
Latvia,LVA,2010,643
Latvia,LVA,2011,695
Latvia,LVA,2012,692
Latvia,LVA,2013,731
Latvia,LVA,2014,773
Latvia,LVA,2015,825
Latvia,LVA,2016,911
Latvia,LVA,2017,974
Latvia,LVA,2018,1137
Latvia,LVA,2019,1299
Latvia,LVA,2020,1511
Latvia,LVA,2021,2186
Latvia,LVA,2022,..
Latvia,LVA,2023,..
Lithuania,LTU,2000,351
Lithuania,LTU,2001,397
Lithuania,LTU,2002,467
Lithuania,LTU,2003,552
Lithuania,LTU,2004,447
Lithuania,LTU,2005,493
Lithuania,LTU,2006,598
Lithuania,LTU,2007,721
Lithuania,LTU,2008,918
Lithuania,LTU,2009,953
Lithuania,LTU,2010,960
Lithuania,LTU,2011,1036
Lithuania,LTU,2012,1027
Lithuania,LTU,2013,1069
Lithuania,LTU,2014,1158
Lithuania,LTU,2015,1230
Lithuania,LTU,2016,1340
Lithuania,LTU,2017,1415
Lithuania,LTU,2018,1564
Lithuania,LTU,2019,1818
Lithuania,LTU,2020,2065
Lithuania,LTU,2021,2305
Lithuania,LTU,2022,..
Lithuania,LTU,2023,..
Luxembourg,LUX,2000,2736
Luxembourg,LUX,2001,3027
Luxembourg,LUX,2002,3340
Luxembourg,LUX,2003,3540
Luxembourg,LUX,2004,4007
Luxembourg,LUX,2005,4158
Luxembourg,LUX,2006,4419
Luxembourg,LUX,2007,4511
Luxembourg,LUX,2008,5018
Luxembourg,LUX,2009,5282
Luxembourg,LUX,2010,5223
Luxembourg,LUX,2011,4750
Luxembourg,LUX,2012,4328
Luxembourg,LUX,2013,4483
Luxembourg,LUX,2014,4697
Luxembourg,LUX,2015,4686
Luxembourg,LUX,2016,4903
Luxembourg,LUX,2017,5054
Luxembourg,LUX,2018,5275
Luxembourg,LUX,2019,5671
Luxembourg,LUX,2020,6061
Luxembourg,LUX,2021,6531
Luxembourg,LUX,2022,6552
Luxembourg,LUX,2023,..
Mexico,MEX,2000,225.4356165
Mexico,MEX,2001,237.0252169
Mexico,MEX,2002,244.0578147
Mexico,MEX,2003,279.0575544
Mexico,MEX,2004,314.5607867
Mexico,MEX,2005,313.6731017
Mexico,MEX,2006,336.6534245
Mexico,MEX,2007,364.1501454
Mexico,MEX,2008,394.5421799
Mexico,MEX,2009,421.4618016
Mexico,MEX,2010,445.5908984
Mexico,MEX,2011,487.942667
Mexico,MEX,2012,522.8963929
Mexico,MEX,2013,549.6121396
Mexico,MEX,2014,529.2914943
Mexico,MEX,2015,554.5023288
Mexico,MEX,2016,558.5143452
Mexico,MEX,2017,552.4964977
Mexico,MEX,2018,546.3379722
Mexico,MEX,2019,541.7311767
Mexico,MEX,2020,609.4396086
Mexico,MEX,2021,596.2004077
Mexico,MEX,2022,..
Mexico,MEX,2023,..
Netherlands,NLD,2000,1699
Netherlands,NLD,2001,1866
Netherlands,NLD,2002,2086
Netherlands,NLD,2003,2171
Netherlands,NLD,2004,2237
Netherlands,NLD,2005,2340
Netherlands,NLD,2006,2459
Netherlands,NLD,2007,2624
Netherlands,NLD,2008,2917
Netherlands,NLD,2009,3039
Netherlands,NLD,2010,3137
Netherlands,NLD,2011,3268
Netherlands,NLD,2012,3416
Netherlands,NLD,2013,3602
Netherlands,NLD,2014,3536
Netherlands,NLD,2015,3437
Netherlands,NLD,2016,3484
Netherlands,NLD,2017,3592
Netherlands,NLD,2018,3820
Netherlands,NLD,2019,4044
Netherlands,NLD,2020,4628
Netherlands,NLD,2021,5006
Netherlands,NLD,2022,..
Netherlands,NLD,2023,..
New Zealand,NZL,2000,1197.151351
New Zealand,NZL,2001,1246.146042
New Zealand,NZL,2002,1379.747754
New Zealand,NZL,2003,1400.93476
New Zealand,NZL,2004,1529.830944
New Zealand,NZL,2005,1635.102999
New Zealand,NZL,2006,1852.70287
New Zealand,NZL,2007,1939.757913
New Zealand,NZL,2008,2112.39063
New Zealand,NZL,2009,2294.078358
New Zealand,NZL,2010,2346.015228
New Zealand,NZL,2011,2454.088341
New Zealand,NZL,2012,2498.448216
New Zealand,NZL,2013,2628.73106
New Zealand,NZL,2014,2716.399744
New Zealand,NZL,2015,2609.548443
New Zealand,NZL,2016,2779.183921
New Zealand,NZL,2017,2897.069267
New Zealand,NZL,2018,2911.742274
New Zealand,NZL,2019,3288.15618
New Zealand,NZL,2020,3587.441018
New Zealand,NZL,2021,3662.212116
New Zealand,NZL,2022,..
New Zealand,NZL,2023,..
Norway,NOR,2000,2334
Norway,NOR,2001,2515
Norway,NOR,2002,2842
Norway,NOR,2003,2966
Norway,NOR,2004,3126
Norway,NOR,2005,3318
Norway,NOR,2006,3587
Norway,NOR,2007,3792
Norway,NOR,2008,4161
Norway,NOR,2009,4268
Norway,NOR,2010,4396
Norway,NOR,2011,4637
Norway,NOR,2012,4894
Norway,NOR,2013,5112
Norway,NOR,2014,5282
Norway,NOR,2015,5253
Norway,NOR,2016,5354
Norway,NOR,2017,5644
Norway,NOR,2018,6016
Norway,NOR,2019,6279
Norway,NOR,2020,6411
Norway,NOR,2021,7108
Norway,NOR,2022,..
Norway,NOR,2023,..
Poland,POL,2000,385
Poland,POL,2001,443
Poland,POL,2002,501
Poland,POL,2003,502
Poland,POL,2004,529
Poland,POL,2005,553
Poland,POL,2006,606
Poland,POL,2007,688
Poland,POL,2008,831
Poland,POL,2009,910
Poland,POL,2010,965
Poland,POL,2011,1012
Poland,POL,2012,1032
Poland,POL,2013,1107
Poland,POL,2014,1138
Poland,POL,2015,1190
Poland,POL,2016,1275
Poland,POL,2017,1357
Poland,POL,2018,1437
Poland,POL,2019,1613
Poland,POL,2020,1647
Poland,POL,2021,1771
Poland,POL,2022,..
Poland,POL,2023,..
Portugal,PRT,2000,1137
Portugal,PRT,2001,1186
Portugal,PRT,2002,1291
Portugal,PRT,2003,1345
Portugal,PRT,2004,1446
Portugal,PRT,2005,1557
Portugal,PRT,2006,1466
Portugal,PRT,2007,1495
Portugal,PRT,2008,1598
Portugal,PRT,2009,1711
Portugal,PRT,2010,1819
Portugal,PRT,2011,1678
Portugal,PRT,2012,1560
Portugal,PRT,2013,1632
Portugal,PRT,2014,1654
Portugal,PRT,2015,1701
Portugal,PRT,2016,1826
Portugal,PRT,2017,1878
Portugal,PRT,2018,2009
Portugal,PRT,2019,2159
Portugal,PRT,2020,2368
Portugal,PRT,2021,2582
Portugal,PRT,2022,..
Portugal,PRT,2023,..
Slovak Republic,SVK,2000,527
Slovak Republic,SVK,2001,582
Slovak Republic,SVK,2002,645
Slovak Republic,SVK,2003,672
Slovak Republic,SVK,2004,764
Slovak Republic,SVK,2005,824
Slovak Republic,SVK,2006,903
Slovak Republic,SVK,2007,1047
Slovak Republic,SVK,2008,1234
Slovak Republic,SVK,2009,1315
Slovak Republic,SVK,2010,1383
Slovak Republic,SVK,2011,1383
Slovak Republic,SVK,2012,1448
Slovak Republic,SVK,2013,1540
Slovak Republic,SVK,2014,1586
Slovak Republic,SVK,2015,1601
Slovak Republic,SVK,2016,1688
Slovak Republic,SVK,2017,1611
Slovak Republic,SVK,2018,1658
Slovak Republic,SVK,2019,1826
Slovak Republic,SVK,2020,1884
Slovak Republic,SVK,2021,2129
Slovak Republic,SVK,2022,..
Slovak Republic,SVK,2023,..
Slovenia,SVN,2000,1004
Slovenia,SVN,2001,1054
Slovenia,SVN,2002,1176
Slovenia,SVN,2003,1231
Slovenia,SVN,2004,1301
Slovenia,SVN,2005,1379
Slovenia,SVN,2006,1446
Slovenia,SVN,2007,1460
Slovenia,SVN,2008,1687
Slovenia,SVN,2009,1700
Slovenia,SVN,2010,1726
Slovenia,SVN,2011,1787
Slovenia,SVN,2012,1795
Slovenia,SVN,2013,1843
Slovenia,SVN,2014,1852
Slovenia,SVN,2015,1919
Slovenia,SVN,2016,2077
Slovenia,SVN,2017,2146
Slovenia,SVN,2018,2344
Slovenia,SVN,2019,2598
Slovenia,SVN,2020,2807
Slovenia,SVN,2021,3049
Slovenia,SVN,2022,..
Slovenia,SVN,2023,..
Spain,ESP,2000,1063.942674
Spain,ESP,2001,1123.408913
Spain,ESP,2002,1204.701545
Spain,ESP,2003,1358.570286
Spain,ESP,2004,1441.135299
Spain,ESP,2005,1539.9702
Spain,ESP,2006,1749.081297
Spain,ESP,2007,1877.581433
Spain,ESP,2008,2056.073604
Spain,ESP,2009,2200.242887
Spain,ESP,2010,2154.945134
Spain,ESP,2011,2150.415318
Spain,ESP,2012,2091.799655
Spain,ESP,2013,2083.309345
Spain,ESP,2014,2139.573077
Spain,ESP,2015,2271.437597
Spain,ESP,2016,2390.579681
Spain,ESP,2017,2497.885159
Spain,ESP,2018,2580.156064
Spain,ESP,2019,2793.124865
Spain,ESP,2020,2987.606773
Spain,ESP,2021,3127.383564
Spain,ESP,2022,..
Spain,ESP,2023,..
Sweden,SWE,2000,1836
Sweden,SWE,2001,1946
Sweden,SWE,2002,2100
Sweden,SWE,2003,2204
Sweden,SWE,2004,2281
Sweden,SWE,2005,2302
Sweden,SWE,2006,2511
Sweden,SWE,2007,2710
Sweden,SWE,2008,2866
Sweden,SWE,2009,2928
Sweden,SWE,2010,2909
Sweden,SWE,2011,3940
Sweden,SWE,2012,4123
Sweden,SWE,2013,4263
Sweden,SWE,2014,4364
Sweden,SWE,2015,4478
Sweden,SWE,2016,4645
Sweden,SWE,2017,4776
Sweden,SWE,2018,4992
Sweden,SWE,2019,5226
Sweden,SWE,2020,5496
Sweden,SWE,2021,5829
Sweden,SWE,2022,..
Sweden,SWE,2023,..
Switzerland,CHE,2000,960.1630133
Switzerland,CHE,2001,1075.922879
Switzerland,CHE,2002,1204.147632
Switzerland,CHE,2003,1237.462965
Switzerland,CHE,2004,1273.241068
Switzerland,CHE,2005,1300.621448
Switzerland,CHE,2006,1361.307422
Switzerland,CHE,2007,1481.023967
Switzerland,CHE,2008,1632.588617
Switzerland,CHE,2009,1736.624566
Switzerland,CHE,2010,1840.611224
Switzerland,CHE,2011,2007.212194
Switzerland,CHE,2012,2149.073127
Switzerland,CHE,2013,2177.804531
Switzerland,CHE,2014,2259.238002
Switzerland,CHE,2015,2367.524556
Switzerland,CHE,2016,2500.125528
Switzerland,CHE,2017,2559.029147
Switzerland,CHE,2018,2613.13404
Switzerland,CHE,2019,2715.982018
Switzerland,CHE,2020,2994.074492
Switzerland,CHE,2021,3258.631855
Switzerland,CHE,2022,..
Switzerland,CHE,2023,..
Turkiye,TUR,2000,269
Turkiye,TUR,2001,301
Turkiye,TUR,2002,329
Turkiye,TUR,2003,342
Turkiye,TUR,2004,382
Turkiye,TUR,2005,393
Turkiye,TUR,2006,481
Turkiye,TUR,2007,533
Turkiye,TUR,2008,606
Turkiye,TUR,2009,681
Turkiye,TUR,2010,679
Turkiye,TUR,2011,722
Turkiye,TUR,2012,725
Turkiye,TUR,2013,762
Turkiye,TUR,2014,799
Turkiye,TUR,2015,817
Turkiye,TUR,2016,878
Turkiye,TUR,2017,896
Turkiye,TUR,2018,887
Turkiye,TUR,2019,940
Turkiye,TUR,2020,1009
Turkiye,TUR,2021,1096
Turkiye,TUR,2022,..
Turkiye,TUR,2023,..
United Kingdom,GBR,2000,1460.987504
United Kingdom,GBR,2001,1608.312149
United Kingdom,GBR,2002,1788.034576
United Kingdom,GBR,2003,1933.947469
United Kingdom,GBR,2004,2155.192308
United Kingdom,GBR,2005,2245.057042
United Kingdom,GBR,2006,2460.617807
United Kingdom,GBR,2007,2521.638941
United Kingdom,GBR,2008,2717.830404
United Kingdom,GBR,2009,2874.392898
United Kingdom,GBR,2010,2956.470824
United Kingdom,GBR,2011,3009.674626
United Kingdom,GBR,2012,3094.639575
United Kingdom,GBR,2013,3194.350495
United Kingdom,GBR,2014,3300.667838
United Kingdom,GBR,2015,3385.77987
United Kingdom,GBR,2016,3511.995396
United Kingdom,GBR,2017,3585.259965
United Kingdom,GBR,2018,3688.188973
United Kingdom,GBR,2019,3938.434667
United Kingdom,GBR,2020,4671.929132
United Kingdom,GBR,2021,5155.133615
United Kingdom,GBR,2022,..
United Kingdom,GBR,2023,..
United States,USA,2000,2011.998424
United States,USA,2001,2212.342986
United States,USA,2002,2397.67481
United States,USA,2003,2567.383365
United States,USA,2004,2747.055687
United States,USA,2005,2912.361785
United States,USA,2006,3139.266576
United States,USA,2007,3305.170047
United States,USA,2008,3489.415426
United States,USA,2009,3687.469785
United States,USA,2010,3826.411426
United States,USA,2011,3925.085396
United States,USA,2012,4040.130087
United States,USA,2013,4174.370038
United States,USA,2014,4482.648182
United States,USA,2015,4751.984519
United States,USA,2016,4914.809588
United States,USA,2017,5067.155304
United States,USA,2018,5289.017002
United States,USA,2019,5521.757048
United States,USA,2020,6703.260363
United States,USA,2021,6655.172371
United States,USA,2022,..
United States,USA,2023,..
